,0,Population,project_code,lat,long
0,0,369.10580999999974,1014107,-2.42056,28.9662
1,1,383.0723999999997,1014106,-2.42486,28.95726
2,2,1176.6612399999958,1007651,-1.72053,30.08124
3,3,20025.228190000274,1012493,-1.65595,30.078840000000003
4,4,6882.175359999941,1014318,-1.870868,29.877686
5,5,9924.542400000044,1014319,-1.883957,29.850548
6,6,13021.717240000346,1014327,-1.896261,29.951448
7,7,4652.43105,1014324,-1.977729,29.850108
8,8,5937.38831999992,1014321,-1.939737,29.843622
9,9,7032.251410000016,1014325,-1.980126,29.905502
10,10,4285.814620000003,1014323,-1.939927,29.818313
11,11,1151.346440000001,1014322,-1.934919,29.819397
12,12,7550.3297199999,1014320,-1.915772,29.866533
13,13,11363.297310000102,1014326,-2.001263,29.888983000000003
14,14,6251.229520000127,1014328,-1.984548,29.931428000000004
15,15,12686.928679999895,1014329,-1.872181,29.92942
16,16,6745.635219999964,1014331,-1.908306,29.881692
17,17,10882.72744000014,1014330,-1.937733,29.9489
18,18,18887.273000000223,1014594,-1.7801900000000002,30.14043
19,19,48199.930799995316,1014613,-1.864099,30.233290000000004
20,20,1444.2953599999992,1007653,-1.848168,29.991187
21,21,6723.522440000046,1013578,-2.4855,29.84336
22,22,22601.839490001035,1014466,-2.365716,30.542117
23,23,4110.851059999994,1014605,-1.893193,30.280679
24,24,6529.888629999946,1014461,-2.02333,30.43209
25,25,4754.3354000000545,1014470,-2.1496,30.66541
26,26,14859.240839999882,1014611,-1.965611,30.337764
27,27,63423.80169999468,1014616,-1.970761,30.232989
28,28,73490.46646001449,1014604,-1.7196349999999998,30.366374
29,29,21923.62441999972,1014599,-2.22393,30.07617
30,30,2124.5783100000085,1014463,-2.009512,30.421038
31,31,13306.273160000284,1014596,-2.22306,30.056
32,32,23878.379909998577,1014595,-1.79011,30.13083
33,33,33311.20647999578,1014600,-2.29153,30.05912
34,34,45805.17297000194,1014598,-2.2052400000000003,30.078640000000004
35,35,13691.990170000628,1014606,-1.989138,30.263844
36,36,10678.757370000065,1014467,-2.371645,30.539508
37,37,2255.2012000000136,1014474,-2.164154,30.695954
38,38,20592.244180000478,1014603,-1.713697,30.358427
39,39,4441.860439999989,1014612,-1.896111,30.278146000000003
40,40,26005.52913999866,1014487,-2.1664,30.78863
41,41,38271.374799999605,1014476,-2.332831,30.652159
42,42,21623.333519999338,1014469,-2.208786,30.695041
43,43,13149.951940000463,1014465,-2.3152,30.470953
44,44,40876.459080000524,1014475,-2.3592,30.677613
45,45,20563.378000000757,1014464,-2.296406,30.52359
46,46,4790.786020000088,1014473,-2.17478,30.76704
47,47,19451.008019999088,1014468,-2.09732,30.701159000000004
48,48,3191.6947400000354,1014462,-2.184027,30.767541
49,50,4123.45904000004,1014480,-2.7278,30.72778
50,51,17411.22411999968,1014482,-2.1486,30.72617
51,52,3106.88969000003,1014485,-2.2107900000000003,30.73431
52,53,10179.952619999993,1014472,-2.18715,30.62265
53,54,1401.8382599999986,1014479,-2.2136,30.77847
54,55,13441.825860000064,1014486,-2.2099,30.78795
55,56,18345.394519999376,1014481,-2.1403,30.72741
56,57,46489.17303999832,1014477,-1.99173,30.448175
57,58,4672.244599999995,1014483,-2.2318,30.8131
58,59,4759.272340000013,1014484,-2.2073,30.79185
59,60,12497.026769999733,1014478,-1.99518,30.47381
60,61,8419.523260000236,1013577,-2.52882,29.82786
61,62,11777.01489999995,1014608,-1.918336,30.273599
62,63,3067.1953199999884,1014607,-1.926646,30.276659
63,64,2957.7125500000448,1007661,-2.697308,29.029517
64,65,10793.295700000315,1014614,-1.84731,29.99128
65,66,1076.9833199999932,1014610,-1.98212,30.343604
66,67,12309.946649999792,1014597,-2.22306,30.0561
67,68,2485.2209599999887,1014004,-1.70533,29.30478
68,69,2801.08794000001,1014108,-2.41855,28.96946
69,70,921.2880599999988,1014109,-2.58868,29.11247
70,71,20216.122169999217,1014104,-2.58744,29.10611
71,72,383.0723999999997,1014005,-1.70002,29.34484
72,73,3908.4948000000327,1014105,-2.42715,28.95369
73,74,12395.36233000046,1014103,-2.55734,29.0933
74,75,40552.440230000066,1009445,-2.115072,29.700843
75,76,6865.912540000129,1014602,-1.758415,30.255139
76,77,35030.23514999989,1014609,-2.013575,30.254667
77,78,7987.7068999998755,1014619,-2.261622,29.988408000000003
78,79,7347.912909999962,1013580,-2.5093400000000003,29.90858
79,80,6688.672959999961,1013576,-2.51384,29.88201
80,81,3351.8520000000117,1009329,-1.829439,29.882134000000004
81,82,6771.609250000033,1013575,-2.49883,29.927
82,83,6408.560429999902,1013579,-2.49034,29.87577000000001
83,84,12788.911499999675,1013572,-2.40829,29.9468
84,85,10007.83453000012,1013571,-2.46509,29.94044
85,86,15983.878929999475,1007652,-1.857823,29.992177
86,87,1414.8198999999986,1007429,-1.9264167,29.5062222
87,88,4479.67016999999,1009296,-1.930371,29.779313
88,89,7046.056310000151,1009426,-1.85109,29.666005
89,90,14956.04780999956,1007330,-2.038712,30.18642800000001
90,91,3143.2265999999945,1013573,-2.434,29.93238
91,92,32216.389929998786,1007428,-1.929636,29.799125
92,93,5853.600099999976,1007403,-2.076671,29.716686
93,94,19589.37727999992,1007431,-1.8153056,29.578056
94,95,17549.095280000118,1007658,-2.396098,28.927481
95,96,14435.670390000172,1007331,-2.095311,30.245678
96,97,8592.529440000299,1014618,-2.248912,30.019451
97,98,5309.998080000008,1014382,-2.160985,30.551312
98,99,1797.157619999995,1007571,-2.7438056,29.670805600000005
99,101,14314.050399999715,1014169,-2.58421,29.14232
100,102,4963.478549999995,1014167,-2.58127,28.15265
101,103,14743.034229999861,1014168,-2.57245,29.15343
102,104,6328.438320000085,1014384,-2.157735,30.532793
103,105,6367.952240000009,1014387,-1.39413,30.28182
104,106,2089.2278000000088,1007549,-2.6873400000000003,29.65577
105,107,4313.259630000036,1007544,-2.71578,29.67607000000001
106,108,15753.640220000405,1014166,-2.44246,28.9333
107,109,8282.334660000164,1014165,-2.4334,28.933740000000004
108,110,3030.881480000008,1014389,-1.36432,30.28194
109,111,1801.846760000003,1007550,-2.67224,29.65063
110,112,13257.57471999963,1007654,-2.594639,28.981427000000004
111,113,12538.109899999632,1014388,-2.1866220000000003,30.483668
112,114,65994.15902999513,1014394,-1.40815,30.189856
113,115,7145.968899999901,1014391,-1.336893,30.213863
114,116,21626.714250000743,1014397,-1.436156,30.307663
115,117,16337.318190000067,1014390,-1.340982,30.219604
116,118,2361.5922399999936,1014404,-1.163172,30.476046000000004
117,119,14313.344330000036,1014412,-1.684211,30.350028
118,120,7140.573920000211,1014398,-1.4428040000000002,30.274319
119,121,17905.600570000726,1014399,-1.471113,30.285693
120,122,6146.576639999909,1014411,-1.633869,30.338833
121,123,8359.1557799999,1014414,-1.6296,30.343077
122,124,32904.71661000149,1014395,-1.432879,30.133993
123,125,44122.51137999778,1014407,-1.286986,30.550523
124,126,1266.711820000002,1014406,-1.206567,30.347849
125,127,2913.631479999999,1014405,-1.239774,30.344471
126,128,1031.4063099999998,1014421,-2.234163,30.513445
127,129,3856.598459999951,1014416,-1.365045,30.148672
128,130,55140.031679996435,1014419,-1.576221,30.201582
129,131,65473.161090005466,1014422,-2.2381330000000004,30.513978
130,132,20415.92305000158,1007458,-1.308813,30.314539
131,133,8217.58567999974,1014420,-1.629849,30.379612
132,134,17169.21379999992,1007329,-2.028061,30.173231
133,135,9268.618009999873,1007328,-2.048451,30.191276
134,136,5203.376359999998,1007327,-2.072628,30.204381
135,137,10098.321509999983,1010941,-1.83113,29.62303
136,138,17106.144599999796,1014565,-1.971782,30.063077000000003
137,139,7971.291089999991,1014566,-1.98426,30.06329
138,140,4122.172280000003,1007420,-1.91351,29.57821
139,141,3459.932409999991,1010406,-1.75995,29.66276667
140,142,11011.160959999735,1014385,-2.181385,30.479072
141,143,4482.764319999997,1014383,-2.144405,30.531062
142,144,44806.86714000162,1014393,-1.349094,30.202762
143,145,6266.432740000134,1014392,-1.393255,30.162868
144,146,2128.839439999997,1014403,-1.109384,30.433798
145,147,2817.663080000015,1014400,-1.461997,30.264872
146,148,28022.482759999584,1014401,-1.456525,30.280659000000004
147,149,25442.973599999426,1014396,-1.391233,30.171654
148,150,16030.666900000035,1014410,-1.660292,30.461698
149,151,7887.294599999882,1014409,-1.5306879999999998,30.210441
150,152,18249.409539999993,1014402,-1.0667870000000002,30.432849
151,153,2052.4795800000034,1014415,-1.36087,30.181669
152,154,3447.250619999954,1007454,-1.367991,30.288805
153,155,41347.02101000155,1014408,-2.229162,30.514947
154,156,4853.055479999976,1014418,-1.564462,30.194624
155,157,2322.162660000003,1014413,-1.658066,30.462945
156,158,4648.774960000004,1014417,-1.397253,30.163373
157,159,5035.00418000003,1012830,-2.33542,29.67251
158,160,14810.779160000286,1012832,-2.3098,29.69524
159,161,2506.8240000000055,1012831,-2.31422,29.69336
160,162,5195.179619999948,1014006,-1.69435,29.30102
161,163,2123.795549999996,1013926,-2.53862,28.96073
162,164,4022.623729999977,1013922,-2.69786,29.90142
163,165,5580.123860000071,1013918,-2.55358,28.95937
164,166,6759.316459999993,1013925,-2.55375,28.94637
165,167,18397.71229999998,1007603,-1.699166,29.336944
166,168,2860.564739999983,1013864,-2.07676,29.38212
167,169,2489.1501800000074,1013865,-2.06989,29.342
168,170,6137.24699999996,1007525,-2.3297790000000003,29.668688
169,171,5521.281359999981,1007523,-2.2801400000000003,29.72578
170,172,10583.693980000387,1007527,-2.30422,29.65685
171,173,17412.878710000037,1012380,-2.266448,29.647273
172,174,2243.6105999999945,1010844,-1.729575,30.231912
173,175,18943.191030000402,1010839,-1.506683,30.023419
174,176,19518.448739999978,1010840,-1.455716,30.0494
175,177,15508.245260000815,1010849,-1.53941,30.00825
176,178,7297.377240000046,1010847,-1.701199,30.209405
177,179,9595.952609999982,1010845,-1.7724099999999998,30.22087
178,180,14732.606029999559,1013792,-1.72848,29.76589
179,181,5909.360699999941,1013788,-1.72692,29.72306
180,182,8022.718719999985,1010846,-1.7613299999999998,30.20837
181,183,1122.9806400000004,1013796,-1.5905,29.7052
182,184,13983.11789999981,1013794,-1.81602,29.85876
183,185,6409.72205999995,1013797,-1.62963,29.65738
184,186,6549.943660000016,1013787,-1.68275,29.74224
185,187,5238.473890000038,1013795,-1.56001,29.69342
186,188,3990.4066899999984,1013799,-1.63737,29.65462
187,189,1285.6413400000006,1013801,-1.6969900000000002,29.86647
188,190,5365.601840000043,1013802,-1.72314,29.84565
189,191,10256.752399999925,1013798,-1.5932,29.70506
190,192,5122.057859999942,1013800,-1.73494,29.85478
191,193,8965.167559999949,1015561,-2.11713,29.31672
192,194,8904.42019999988,1011307,-1.77286,29.37514
193,195,2277.9565600000083,1013868,-2.16278,29.28921
194,196,1730.6879400000064,1013872,-2.11586,29.26521
195,197,1942.987650000009,1013867,-2.13838,29.33504000000001
196,198,2401.6181400000105,1007392,-2.14811,29.52184
197,199,6953.168640000041,1013862,-2.19868,29.4931
198,200,1690.0959999999961,1013876,-2.18942,29.507745
199,201,4598.359360000005,1013871,-2.14492,29.30137
200,202,2014.078269999996,1012457,-2.02408333,29.41472222
201,203,12976.22539999997,1012823,-2.014133,29.614267
202,204,2204.3951999999986,1007578,-2.6378056,29.5095
203,205,4805.604080000008,1010842,-1.621819,30.165954
204,206,7280.266260000102,1010843,-1.6623,30.08107
205,207,1987.911499999994,1013789,-1.67796,29.70261
206,208,6746.852640000037,1013791,-1.65975,29.72655
207,209,2144.096419999993,1013790,-1.68033,29.69028
208,210,882.4116000000018,1013793,-1.64305,29.67318
209,211,4236.3546,1013353,-2.026616,29.57632000000001
210,212,3995.673900000006,1013869,-2.19785667,29.496655
211,214,3276.6638000000326,1013873,-2.09219,29.38608
212,215,5443.499779999971,1013874,-2.12272,29.34027
213,217,5356.837000000062,1013877,-2.19348,-29.49645
214,218,19479.121240000568,1010409,-2.1755400000000003,30.69667
215,220,4131.766639999924,1013246,-1.5650700000000002,29.83916
216,221,4291.790850000009,1007376,-2.62627,30.6261
217,222,7299.027899999907,1007606,-2.17262,30.6741
218,223,17056.409060000282,1009280,-2.41201,29.67439
219,224,4207.2702000000345,1007379,-2.62437,30.64553
220,225,467.3618400000007,1014333,-1.960603,29.972412
221,226,24762.53136000117,1013574,-2.50203,29.917140000000003
222,227,9205.089659999987,1014792,-1.419195,30.10422800000001
223,228,16628.92437999961,1014332,-1.964977,29.975556
224,229,2135.8725900000136,1007899,-2.3381,29.6548
225,230,41764.117320002435,1013464,-1.530129,29.631873
226,231,5858.397159999978,1013465,-1.492419,29.573354
227,232,1948.0693999999912,1007334,-1.39214,29.81063
228,233,2623.500530000005,1013466,-1.548732,29.515524
229,234,2163.673650000004,1007332,-1.3769999999999998,29.80729
230,235,2460.6009899999854,1013472,-1.543877,29.546123
231,236,6680.000099999966,1013480,-1.494191,29.715385
232,237,9780.103849999954,1007553,-2.71768,29.59726333
233,238,13863.305420000152,1013713,-2.14826,29.46926
234,239,13995.415999999741,1013719,-2.18978,29.42021
235,240,7413.112400000047,1007395,-1.92998,30.60766
236,241,11919.281439999919,1013707,-2.0901,30.65996
237,242,8804.825999999965,1013475,-1.535683,29.745093
238,243,1551.2077499999937,1013467,-1.527581,29.62739
239,244,863.200160000003,1013468,-1.532046,29.62881
240,245,778.3488199999989,1013469,-1.529524,29.633423
241,246,34641.998550001,1013463,-1.523318,29.691622
242,247,9652.272180000102,1013474,-1.596674,29.658056
243,248,852.9434999999982,1007589,-2.7211111,29.448638899999995
244,249,9643.528160000054,1013496,-1.33001,29.82555
245,250,981.6033599999978,1013720,-2.18681,29.42727
246,251,20769.700020000706,1013711,-1.9054,30.55323
247,252,15221.976329999698,1013708,-1.5066,29.99458
248,253,11794.979349999829,1007536,-2.69544,29.45618
249,254,21196.107480000435,1013487,-1.38143,29.81682
250,255,2167.0894800000165,1007558,-2.71525,29.5959167
251,256,3597.109560000017,1013710,-1.43601,29.85018
252,257,5799.5304200000755,1007394,-1.97849,30.58137
253,258,6834.6526800000265,1013478,-1.527416,29.631312
254,259,3055.069959999992,1013471,-1.47301,29.53233
255,260,13090.234770000485,1013495,-1.32782,29.83106
256,261,2723.004750000015,1013712,-2.12346,29.40763
257,262,997.3111199999995,1013722,-2.312095,29.149186
258,263,2376.5945400000005,1013709,-1.47722,29.94955
259,264,1153.3180999999997,1013721,-2.2169380000000003,29.283485
260,265,1064.4298799999967,1007453,-1.70215,29.51309
261,266,2620.491630000012,1007477,-2.4477333,29.41455333
262,267,899.6988199999978,1007450,-1.61806,29.47252000000001
263,268,3363.2288800000497,1012803,-2.42353667,29.46039667
264,269,6989.2735200000325,1007354,-1.6025,29.70666
265,270,14927.157750000073,1007538,-2.69445,29.45532
266,271,2794.5896800000023,1012806,-2.43816,29.39109667
267,272,2841.807680000011,1007486,-2.4518150000000003,29.43508667
268,273,10620.602920000149,1009702,-1.61168,30.15833
269,274,3045.6307500000103,1007600,-1.71333,29.3925
270,275,4845.371120000034,1012800,-1.62147,29.96712
271,276,8800.747280000176,1011313,-1.94245,29.470675
272,277,9868.221900000284,1007898,-1.65575,29.8198
273,278,22236.956540001025,1007897,-1.7526099999999998,29.81207
274,279,2670.815560000008,1014345,-2.13099,29.57793
275,280,16820.179919999904,1014355,-2.20091,30.60236
276,281,1815.2591600000114,1014352,-2.068,30.57965
277,282,770.8081999999987,1014351,-2.1344,30.533790000000003
278,284,2989.8460400000154,1013477,-1.446965,29.616203
279,285,21087.593330000276,1007541,-2.706995,29.59134667
280,286,24332.371519999473,1013481,-1.577664,29.654812
281,287,3935.17720000003,1013501,-1.33816,29.81862000000001
282,288,7973.98038999966,1007574,-2.7014400000000003,29.438440000000003
283,289,2984.5473000000125,1007552,2.7139450000000003,29.594535
284,290,11115.271739999796,1013716,-2.319874,29.161228
285,291,7828.589219999983,1013488,-1.45014,29.67945
286,292,18734.797060000692,1007335,-1.3822299999999998,29.77727
287,293,3398.84431999999,1013484,-1.37445,29.80846
288,294,30354.73746999964,1013500,-1.46061,29.74088
289,295,10053.162920000137,1013497,-1.46659,29.74716
290,296,1509.133249999995,1013470,-1.477522,29.714723
291,297,10403.9585200003,1013473,-1.43056,29.624836
292,298,16837.21517000009,1013476,-1.454949,29.616916
293,299,864.6790699999987,1007563,-2.69808,29.54557
294,301,4578.897960000036,1013492,-1.42212,29.70465
295,302,1545.2595599999938,1013494,-1.34705,29.82387
296,303,2684.9439100000072,1013482,-2.73310167,29.57745167
297,304,40433.97144999976,1013479,-1.475588,29.531147
298,305,2261.3616300000035,1013491,-1.43466,29.6722
299,306,1687.5328800000061,1013490,-1.46467,29.74894
300,307,4629.569690000028,1013489,-1.43466,29.6722
301,308,7818.992450000044,1013483,-2.735675,29.59105333
302,309,11130.555760000092,1007554,-2.721561,29.596655
303,310,1017.2140999999971,1007551,-2.70332833,29.58839667
304,311,5345.809199999998,1013493,-1.38299,29.71278
305,312,2293.470299999989,1013715,-2.335284,29.184096000000004
306,313,6394.966109999928,1013718,-2.15214,29.41315
307,314,1194.120899999996,1013714,-2.0824,29.4245
308,315,4134.646900000004,1007336,-1.48563,29.88871
309,316,1875.0353799999943,1013717,-2.224749,29.291024
310,317,1340.0988200000004,1007594,-2.69618,29.42616
311,318,5583.120690000105,1007396,-1.9678400000000005,30.58284
312,319,9642.767100000181,1007595,-2.7221,29.43916
313,320,1785.6271999999956,1007444,-1.681,29.50024
314,321,467.71610999999933,1007591,-2.69811,29.42603
315,322,1987.7384299999908,1007404,-1.750277,29.745
316,323,1313.354509999996,1012801,-2.4418,29.44929833
317,324,2175.413669999997,1007441,-1.6911944,29.5574167
318,325,326.41806999999994,1012805,-2.42504833,29.42907333
319,326,9819.529730000106,1009711,-1.47875,30.10468
320,327,21194.94091999988,1012804,-1.6225,29.66777
321,328,2507.9879699999997,1007463,-2.45195667,29.427665
322,329,442.2670000000002,1007566,-2.69631,29.43436
323,330,1549.9272199999937,1007561,-2.6860833,29.4780833
324,331,2210.865610000002,1012802,-2.43705833,29.44304667
325,332,2341.4547700000053,1007557,-2.68572,29.47124
326,333,15107.744919999934,1011304,-1.948219,29.479638
327,334,2406.7991100000045,1007439,-1.6198,29.502440000000004
328,335,6543.985420000086,1012799,-1.6798400000000002,29.51707
329,336,6089.275810000069,1007570,-2.69743,29.43339000000001
330,337,4351.523659999964,1007539,-2.697944,29.446917
331,338,8254.147209999936,1014358,-2.12746,30.64571
332,339,3296.352489999997,1014361,-2.18396,30.62258
333,340,4118.731250000017,1014354,-2.2017900000000004,30.60416
334,341,7374.627970000173,1014359,-2.1293900000000003,30.61855
335,342,8816.847730000089,1014349,-2.0566,30.47997
336,343,2540.809969999993,1014360,-2.18396,30.62926
337,344,3477.125540000002,1014356,-2.15593,30.63163
338,345,4936.230109999934,1014347,-2.07245,29.60469
339,346,3664.129310000016,1014350,-2.08722,30.50135
340,347,4365.128279999996,1014380,-2.107592,30.609893
341,348,619.9844599999994,1014378,-2.103568,30.57552
342,349,5711.465550000041,1007387,-2.14783,29.535028000000004
343,350,8831.965199999799,1014369,-2.11637,30.46358
344,351,1566.762169999995,1014375,-2.155625,29.5944
345,352,5569.02847000006,1014368,-2.11144,30.46133
346,353,10095.983160000127,1014366,-2.14135,30.49706
347,354,2596.4631000000118,1014362,-2.14193,30.50383
348,355,8226.491829999874,1007391,-2.15350833,29.356425
349,356,4840.554080000007,1014370,-2.085,30.50046
350,357,2299.069959999988,1014363,-2.18739,30.410090000000004
351,358,12995.869079999715,1014374,-2.136568,29.5995
352,359,7975.463299999968,1014371,-2.07431,30.486490000000003
353,360,7344.17739000012,1014376,-2.162912,29.574572
354,361,12795.669179999897,1007388,-2.14375,29.5181389
355,362,2299.5317200000054,1014364,-2.17331,30.57956
356,363,3472.8903400000013,1014373,-2.15347,29.35955
357,364,6589.3585600001,1014379,-2.0921133000000003,30.585332
358,365,6954.068460000035,1014367,-2.1755,30.40085
359,366,2788.5608100000036,1014365,-2.14107,30.59631
360,368,10363.215659999927,1014377,-2.095675,30.576452000000003
361,369,50002.368259993214,1014346,-2.10761,29.56258
362,370,6378.4275799999505,1014357,-2.1287700000000003,30.64523
363,371,8216.92713000012,1014353,-2.19132,30.60191
364,373,9451.44697000002,1014348,-2.10605,30.49761
365,374,1844.7313299999932,1014381,-2.1655450000000003,30.549758
366,375,4784.771579999993,1009068,-1.723639,29.366194
367,376,12304.467619999943,1009066,0.0,0.0
368,377,10588.060379999926,1013727,-2.64711,29.80976
369,378,6548.682199999909,1013725,-2.5914900000000003,29.75931
370,379,3098.631930000015,1008002,-1.78583333,30.0825
371,380,7149.284980000107,1009071,-1.7056,29.30982
372,381,2857.6791200000125,1009069,0.0,0.0
373,382,6707.807010000011,1013726,-2.59415,29.77829
374,383,4664.353119999992,1007545,-2.67962,29.46244
375,384,2349.5834499999974,1012833,-2.34876,29.68835
376,385,29118.461210000507,1013811,-2.70198,29.812890000000003
377,386,3512.8857400000516,1013809,-2.78075,29.74108
378,387,2968.8174600000307,1013805,-2.7759,29.70875
379,388,21467.53807999978,1013813,-2.7045,29.75324
380,389,4170.600340000026,1013810,-2.7234,29.76373
381,390,4437.159939999984,1013804,-2.7242,29.75411
382,391,21667.11887000068,1007583,-2.71667,29.738640000000004
383,392,5294.549779999977,1013812,-2.70192,29.76218
384,393,1025.3248800000006,1007559,-2.6965833,29.540111100000004
385,394,4706.614010000053,1010574,-1.564607,30.107231
386,395,2003.6399999999758,1010581,-1.58735,30.14216
387,396,2318.7425899999816,1010575,-1.565258,30.110382
388,397,6308.651259999938,1021789,-1.947858,30.00694444
389,398,1302.4141300000008,1012834,-2.37584,29.68033
390,399,20100.896790000752,1013806,-2.79714,29.69812
391,400,1435.1351599999973,1013807,-2.74102,29.856240000000003
392,401,6576.494249999853,1013808,-2.77338,29.75503
393,402,2348.918559999995,1010576,-1.554772,30.129922
394,403,4626.833280000033,1010578,-1.6753630000000002,30.097712
395,404,4953.784570000034,1010580,-1.5751879999999998,30.14421500000001
396,405,24925.599740000805,1010579,-1.66842,30.100122
397,406,7422.124810000042,1010577,-1.539721,30.127624
398,407,7540.730430000168,1010573,-1.59687,30.15019
399,408,8484.512400000143,1010583,-1.65891,30.114194
400,409,3227.8174700000095,1010572,-1.57746,30.136540000000004
401,410,5919.806709999965,1013731,-2.55904,29.83055
402,411,1536.9102499999958,1013733,-2.51012,29.86378
403,412,7593.578280000062,1013734,-2.4919,29.85804000000001
404,413,9232.834679999918,1013736,-2.722467,29.511496
405,414,5342.942600000039,1013729,-2.56425,29.78521
406,415,19704.548379999822,1013732,-2.52261,29.86105
407,416,2135.0168499999954,1013728,-2.65762,29.81981
408,417,2119.904799999996,1013730,-2.57166,29.78138
409,418,2415.9059900000016,1014131,-2.54704093,29.03581174
410,419,3336.757679999982,1014125,-2.43036899,28.98131295
411,420,4893.456890000001,1014126,-2.42782026,28.96789415
412,421,16742.150930000163,1014124,-2.38012159,29.04157223
413,422,2479.769050000004,1013737,-1.65413,30.01517
414,423,19054.927550000888,1007620,-1.66139,29.88583
415,424,1249.4636000000019,1014122,-2.33294045,29.02570225
416,425,3634.6902799999602,1014121,-2.34955,29.04256
417,426,14464.221490000276,1007542,-2.77593,29.4562
418,427,6103.433160000055,1007535,-2.7761,29.464528
419,428,3862.924450000022,1007575,-2.7814444,29.663361100000003
420,429,693.804119999999,1014129,-2.61265,29.50877
421,430,4284.365189999984,1007573,-2.56058,29.49439000000001
422,431,3015.5685999999732,1007633,-1.61306,29.88583
423,432,2917.625400000005,1014793,-2.06596,30.31733
424,433,6906.175469999962,1010428,-2.15158,30.65636
425,434,47.74399000000001,1014435,-2.20317,30.464068
426,435,7882.115709999902,1014427,-2.235312,30.552363
427,436,3250.866480000016,1014424,-2.170028,30.497287
428,437,132.49405000000002,1014433,-2.1821080000000004,30.453907
429,438,5799.162650000053,1014432,-2.195243,30.475603000000003
430,439,2466.4277000000016,1014423,-2.1342683,30.533528000000004
431,440,7535.817900000103,1014431,-2.195678,30.476143
432,441,9450.091110000134,1014425,-2.229075,30.526267
433,442,1794.8561800000014,1014428,-2.085295,30.445293
434,443,2535.48678,1014426,-2.201705,30.60411
435,444,13873.474649999715,1014434,-2.166942,30.441723
436,445,7349.997900000062,1014430,-2.101273,30.426758000000003
437,446,8309.345290000017,1007568,-2.7800833,29.451
438,447,1394.3800000000037,1007560,-2.7785278,29.44775
439,448,11428.487990000085,1007546,-2.7803056,29.4508056
440,449,12462.621240000091,1007572,-2.7891,29.56721
441,450,3257.718080000014,1013507,-2.63352,29.62583
442,451,20024.009820000138,1007378,-2.60378,29.66448
443,452,9212.57750000014,1007377,-2.63101,29.63617
444,453,27613.816440001992,1013504,-2.51052,29.70255
445,454,6873.623030000105,1007424,-1.85605607,29.62150397
446,455,3373.84459999999,1012797,-1.62068,29.95006
447,456,16859.931779999893,1012545,-1.93678,29.63541
448,457,10533.678019999747,1007543,-2.7989330000000003,29.4761
449,458,9774.239499999941,1010405,-2.7515560000000003,29.717861
450,459,5034.119379999952,1007534,-2.7791667,29.464333
451,460,29022.26697000309,1013503,-2.51947,29.6697
452,461,40166.09414999524,1013502,-2.48655,29.65746
453,462,55860.388939990786,1013505,-2.63019,29.71337
454,463,2129.2678499999934,1013508,-2.66388,29.69276
455,464,12816.697399999788,1013583,-2.396316,29.577776
456,465,1982.2996499999908,1013506,-2.61005,29.69215
457,466,14870.237329999909,1013509,-2.5880400000000003,29.67228
458,467,32665.68639999756,1007381,-2.68664,29.75706
459,468,24450.580880000292,1013510,-2.61104,29.65406
460,469,11292.040740000002,1007380,-2.66052,29.746440000000003
461,470,15308.132180000292,1007417,-2.16867,30.26261
462,471,20668.8885199985,1014562,-1.90335,30.39168
463,472,25901.775879997487,1014556,-2.2041,30.30697
464,473,4754.197409999957,1014557,-2.06377,30.40876
465,475,19679.006510000556,1014558,-2.0487900000000003,30.42496
466,476,2504.882979999999,1014551,-1.995001,30.061769
467,477,1340.8031999999996,1014552,-2.003541,30.055354
468,478,8502.779079999902,1014561,-2.1059900000000003,30.37534
469,479,4661.117039999986,1014553,-1.970697,30.067016
470,480,16636.35145000017,1014564,-1.92899,30.36272
471,481,3443.909839999982,1014563,-1.93773,30.37988
472,482,10653.234119999996,1014555,-2.20515,30.28804
473,483,1726.1005999999993,1014559,-2.0441700000000003,30.425290000000004
474,484,8067.917539999953,1014560,-1.90335,30.39168
475,485,9296.394200000059,1014554,-2.19809,30.32175
476,486,10216.720460000104,1013887,-2.233859,29.250362
477,487,17101.413280000022,1014300,-2.07671,29.88236
478,488,3455.877100000002,1014301,-2.1120400000000004,29.82869
479,489,4350.79967999997,1007565,-2.77066667,29.66886
480,490,6922.597850000026,1013888,-2.37385,29.095785
481,491,12430.387760000141,1007364,-1.47241,29.99602
482,492,15828.561480000388,1007366,-1.46707,29.99598
483,493,2478.3433300000033,1007517,-2.19384,29.27192
484,494,10744.53237999975,1014429,-2.106907,30.42817
485,495,9897.658049999834,1007609,-2.161944,29.665556
486,496,58006.85968001008,1013882,-2.183169,29.262155
487,497,1888.0542199999982,1007374,-2.5133330000000003,29.612778
488,498,5436.63420999998,1012501,-2.621482,29.64903300000001
489,499,4528.744539999975,1013309,-1.562608,29.705632
490,500,2320.442010000007,1013311,-1.545719,29.672590000000003
491,501,1254.244279999998,1013301,-1.585599,29.749456
492,502,8110.17664000001,1013336,-2.48378,29.68794
493,503,11216.116559999966,1013342,-1.537665,29.70012800000001
494,504,1571.329199999997,1013338,-2.44354,29.7827
495,506,1719.7849799999942,1013332,-2.46826,29.77101
496,507,2258.6783100000066,1013345,-1.491395,29.626729
497,508,3358.438470000019,1013884,-2.200863,29.268609
498,509,6163.953159999942,1013879,-2.422817,29.04354600000001
499,510,745.9093599999987,1013880,-2.395291,28.992706
500,511,3949.687860000033,1013881,-2.213654,29.257268
501,512,1505.025599999998,1013883,-2.2323630000000003,29.254785
502,513,735.303340000001,1013878,-2.414849,29.04660100000001
503,514,7345.453839999923,1013885,-2.232662,29.218742
504,515,5467.875239999953,1013886,-2.221268,29.256019
505,516,1278.9123599999984,1007580,2.79415,29.6986
506,517,30009.562500001288,1013909,-2.54605,28.96095
507,518,12246.187550000068,1007500,-2.312785,29.559739
508,519,2454.7692400000037,1007465,-2.345116,29.43387
509,520,12895.519750000403,1013891,-2.392599,29.239326
510,521,3673.1210400000286,1013893,-2.210267,29.263236
511,522,18465.113049999934,1013894,-2.360876,29.157374
512,523,5871.451709999963,1015693,-1.6211870000000002,29.660569
513,524,12045.824819999709,1013889,-2.34745,29.143437
514,525,19671.60492000026,1013892,-2.401998,29.204765
515,526,6886.663359999935,1013890,-2.393212,29.219801
516,527,11855.199990000134,1007499,-2.294523,29.55516
517,528,12082.620230000035,1007368,-1.59132,30.01386
518,529,3600.578200000001,1013335,-2.4812,29.74129000000001
519,530,3089.6041799999944,1013313,-1.5664049999999998,29.731918
520,531,3431.305290000008,1013339,-2.40231,29.71602
521,532,3509.4347000000053,1013319,-1.49022,29.95422
522,533,7262.044050000073,1013340,-2.38471,29.76592
523,534,4121.149739999996,1013312,-1.557449,29.728546
524,535,1689.6573599999897,1013331,-2.4851,29.809040000000003
525,536,4806.13776000003,1013321,-1.52521,29.78268
526,537,5308.606140000004,1013315,-1.536183,29.70660800000001
527,538,3942.8805000000093,1013333,-2.3965,29.79099
528,539,4077.7132299999844,1007397,-1.8106111,29.7573333
529,540,6583.747940000069,1013895,-2.343073,29.140422
530,541,48939.59692999974,1010917,-1.66992,30.05585
531,542,2845.066170000003,1007622,-1.692446,29.904097
532,543,6509.706510000073,1007628,-1.6306667,29.8939167
533,544,5738.847829999981,1007582,-2.7557222,29.4549167
534,545,10729.854289999988,RW127,-2.711764,29.557267
535,546,4761.093159999978,1007599,-2.53305556,29.53638889
536,547,4315.912199999978,1007437,-1.6695278000000002,29.5934722
537,548,9327.23560999997,1007621,-1.7488439999999998,29.951975
538,549,8137.535869999949,1007615,-1.6443888999999998,29.8994722
539,550,4757.3697200000115,1013896,-2.36254,29.2193
540,551,17270.48868000056,1013910,-2.51669,28.96432
541,552,5107.025800000033,1014567,-1.965138,30.071417
542,553,1354.5292800000007,1007598,-2.68053167,29.51431667
543,554,16134.099769999848,1009317,-2.7608330000000003,29.488056
544,555,8575.563789999978,1013754,-1.75492,29.92516
545,556,3271.4922399999855,1013755,-1.66643,30.03168
546,557,5322.2340000000395,1013753,-1.77387,29.93239
547,558,13854.152210000244,1013911,-2.53318,28.95045
548,559,6551.859010000038,1013750,-1.83904,29.97107
549,560,4277.9367200000415,1013764,-1.795,30.03292
550,561,10081.337170000152,1013752,-1.83068,29.90837
551,562,10255.956290000093,1013758,-1.74472,29.53323
552,563,24725.501699999582,1013334,-2.43844,29.7937
553,564,2694.8435100000197,1013327,-1.55547,29.98941
554,565,10597.013590000177,1013325,-1.59185,29.923
555,566,4357.264559999996,1013318,-1.56761,29.99711
556,567,1963.4273999999937,1013314,-1.576444,29.728154
557,568,2299.308749999999,1013320,-1.49763,29.80603
558,569,9106.052500000083,1013337,-2.49432,29.735090000000003
559,570,7569.585259999996,1013317,-1.50145,29.95181
560,571,4832.897599999962,1013322,-1.5298200000000002,29.85156
561,572,8535.222079999987,1013316,-1.50342,29.95362
562,573,4949.102739999973,1013324,-1.5088700000000002,29.84577
563,574,3762.6540399999876,1013343,-1.497265,29.616601
564,575,1925.7313700000016,1013323,-1.51042,29.8463
565,576,28643.18211999949,1013326,-1.55462,29.98703
566,577,2294.9451200000067,1013305,-1.583976,29.74787
567,578,2219.768,1007503,-2.3283400000000003,29.44182
568,579,11118.162119999923,1007471,-2.4243,29.5426533
569,580,1053.1266000000003,1013350,-1.97717889,29.67449787
570,581,3946.205929999992,1013351,-2.05545934,29.64411986
571,582,6241.023049999997,1013349,-1.98365945,29.65245312
572,583,6786.535619999986,1012951,-2.04935967,29.70709763
573,584,15151.76667999925,1012949,-2.00518138,29.7139582
574,585,9492.5386899999,1012953,-2.01211492,29.76212259
575,586,2871.637940000011,1012958,-1.79307191,29.6751037
576,587,1462.3883999999996,1012952,-2.04202456,29.7725994
577,588,991.3936699999982,1011331,-1.70215,30.07467
578,589,5151.163720000023,1007370,-1.72859,30.07666
579,590,1159.0063199999997,1007399,-1.81295875,29.77787873
580,591,2457.522660000008,1012955,-1.77229,29.66985
581,592,1731.3991099999982,1012954,-1.73435,29.66043
582,593,1915.6416199999967,1012948,-1.984992,29.73314
583,594,2174.157580000001,1012957,-1.78470369,29.68177755
584,595,2106.9657799999954,1007460,-1.296011,30.247121000000003
585,596,904.1327400000008,1007459,-1.2991944,30.2575833
586,597,2263.809969999998,1010908,-1.7146099999999995,30.08255
587,598,13300.890889999826,1013898,-2.353335,29.147336
588,599,30271.073819999106,1013897,-2.208637,29.262007
589,600,2433.8714599999967,1013901,-2.408611,29.188273
590,601,1095.0867199999996,1013900,-2.404371,29.168585
591,602,400.8799599999998,1013899,-2.407594,29.163424
592,603,3362.387459999981,1012973,-1.56439,29.85781
593,604,426.51528999999965,1012972,-1.55437,29.852840000000004
594,605,939.5595300000012,1012974,-1.54643,29.84546
595,606,12097.496180000046,1012975,-1.55797,29.86744
596,607,1350.2335599999972,1013386,-1.62778,29.59093
597,608,3275.4825999999985,1013375,-1.65254,29.4929
598,609,1731.709439999999,1013384,-1.61143,29.57829000000001
599,610,783.7966200000009,1013389,-1.57778,29.47565
600,611,2600.2486699999913,1013369,-1.64694,29.47735
601,612,10257.636880000266,1013373,-1.60836,29.47061
602,613,1614.2714000000014,1013372,-1.61142,29.472890000000003
603,614,9443.903109999997,1013374,-1.66137,29.50069
604,615,3505.5415599999983,1013378,-1.65625,29.42217
605,616,617.9259200000005,1013387,-1.62606,29.60041
606,617,1182.6452800000002,1013973,-2.48234,28.90941
607,618,1846.0403699999993,1013971,-2.42021,28.95772
608,619,3788.5917999999974,1013382,-1.61593,29.45548
609,620,6574.295260000078,1013366,-1.6503599999999998,29.52165
610,621,10992.39909999975,1013383,-1.6243299999999998,29.59547
611,622,280.1888699999998,1013392,-1.65549,29.51862
612,623,2293.833619999999,1013368,-1.59466,29.471840000000004
613,624,1219.9516500000002,1013371,-1.6145200000000002,29.47951
614,625,2838.0793599999984,1013364,-1.70127,29.55681
615,626,2277.5788800000064,1013370,-1.6286200000000002,29.47369
616,627,5086.170889999959,1013970,-2.42341,28.95197000000001
617,628,11025.57010000003,1013968,-2.39416,28.94347
618,629,4718.4473099999805,1013969,-2.42356,28.94508
619,630,2699.7770400000004,1013377,-1.62689,29.488840000000003
620,631,4484.8755200000005,1013367,-1.64985,29.522890000000004
621,632,8944.123879999972,1013363,-1.60288,29.59389
622,633,2849.796240000015,1013381,-1.6562400000000002,29.42214
623,634,600.9424199999994,1013379,-1.62934,29.4568
624,635,3851.690849999985,1013385,-1.61454,29.5842
625,636,3571.4521799999493,1013388,-1.65113,29.491840000000003
626,637,5572.0736400000205,1013390,-1.63183,29.60816
627,638,1110.5579999999961,1013391,-1.66123,29.52429
628,639,4546.752899999983,1013972,-2.49231,28.91087000000001
629,640,1750.7292299999979,1013380,-1.62865,29.61529
630,641,4321.346600000047,1013966,-2.40129,28.95172
631,642,3042.057839999988,1013967,-2.40908,28.94244
632,643,2305.6553699999977,1013974,-2.47061,28.91442
633,644,559.8843999999999,1013975,-2.46143,28.91068
634,645,12949.487520000232,1011305,-1.94222,29.485
635,646,1474.0526699999948,1011310,-1.9536111,29.53222
636,647,832.0741199999991,1007672,-1.95555,29.95166
637,648,3431.1531900000236,1007630,-1.75497,30.08422
638,649,4246.451580000001,1012979,-2.422048,29.46585300000001
639,651,2137.276399999996,1012983,-2.345908,29.40970200000001
640,652,964.5581400000017,1012976,-1.57513,29.87746
641,653,18051.101079998956,1012982,-2.395584,29.487653
642,654,12534.430409999946,1012980,-2.346276,29.420032
643,655,1280.3865000000008,1012981,-2.295722,29.551741
644,656,331.2887699999998,1012990,-1.975,29.38805
645,657,1048.0205999999991,1007455,-1.334487,30.250622
646,658,5834.700480000014,1012985,-2.433943,29.46317
647,659,910.4916499999983,1011306,-1.94833,29.493611
648,660,1191.181199999999,1012978,-2.427205,29.475815
649,661,5197.746300000009,1012984,-2.276669,29.411297
650,662,1752.1891200000043,1012986,-1.94833,29.493611
651,663,7301.880200000077,1012977,-1.58122,29.88095
652,664,4608.540819999927,1013979,-2.57813,28.97657
653,665,620.7285000000002,1010915,-1.71943,30.11859
654,666,777.7365000000005,1013985,-2.60778,28.95301
655,667,1221.1007600000007,1012987,-1.9788,29.378611
656,668,5680.050880000033,1012991,-1.9222,29.473611
657,669,11731.765259999813,1012989,-1.93166,29.4955
658,670,2062.4205000000106,1012988,-1.97027,29.3844
659,671,2336.2602000000024,1012993,-2.4868900000000003,29.416145
660,672,2017.2375900000081,1012994,-2.37318833,29.42095333
661,673,755.2808399999991,1013001,-2.373135,29.40052667
662,674,153.70079999999996,1012996,-2.368775,29.42337667
663,675,1454.4048899999957,1013992,-2.6402,29.00718
664,676,6747.0627200002455,1013990,-2.6639,28.95315
665,677,12646.167929999889,1013977,-2.44658,28.9137
666,678,5986.038080000047,1013980,-2.5754900000000003,28.97839
667,679,9941.501099999774,1013993,-2.45603,28.91183
668,680,6075.271900000072,1013978,-2.4432,28.90885
669,681,1282.5443400000004,1012998,-2.52520667,29.50410667
670,682,1234.7825000000007,1013976,-2.45007,28.91671
671,683,1243.9051800000016,1012997,-2.540715,29.503838
672,684,2728.4900400000042,1013000,-2.35571333,29.4072
673,685,8384.94960999982,1012999,-2.34743667,29.4097
674,686,5499.738070000052,1012995,-2.37023167,29.42249833
675,687,13558.53590999979,1012992,-2.4595700000000003,29.42245333
676,688,4036.029920000019,1007636,-1.80183,30.075740000000003
677,689,11895.481400000019,1013984,-2.60072,28.99702000000001
678,690,35846.79079000101,1013987,-2.62002,28.96343
679,691,10730.944760000013,1013991,-2.66859,28.94991
680,692,877.7963600000002,1013995,-2.46236,28.92434
681,693,3682.888699999979,1013981,-2.58071,28.97723
682,694,7842.185680000145,1013994,-2.45187,28.91158
683,695,6780.261839999951,1013986,-2.61167,28.96442
684,696,3070.5948799999996,1013982,-2.57392,28.98504
685,697,35105.3918400027,1013989,-2.6627,28.95512
686,698,10430.103209999876,1013983,-2.5847,29.014090000000003
687,699,5617.90285999998,1013988,-2.6174,28.95564
688,700,9025.580600000101,1013011,-2.30024,29.6845
689,701,34988.367579998805,1013012,-2.33834,29.841040000000003
690,702,8770.647860000006,1007419,-1.82084,29.54068
691,703,11305.712950000105,1013002,-2.26129,29.74834
692,704,2350.803660000003,1013996,-2.40718,28.95003
693,705,15999.325980000134,1013009,-2.39148,29.693690000000004
694,706,3548.6388499999784,1013013,-2.3803400000000003,29.86227
695,707,2481.873749999994,1013005,-2.2864,29.734140000000004
696,708,4990.8916799999415,1014303,-2.09932,29.812690000000003
697,709,2353.909760000006,1013015,-2.34365,29.72707
698,710,5740.765010000066,1013007,-2.28603,29.67857
699,711,4210.89078000002,1013006,-2.28569,29.71634
700,712,3686.600259999975,1013014,-2.37474,29.86776
701,713,6472.293109999846,1013003,-2.27217,29.76871
702,714,9020.504099999991,1013010,-2.34749,29.79864
703,715,1744.0889999999952,1007433,-1.9307222,29.640361100000003
704,716,12694.941150000446,1013008,-2.3593900000000003,29.6848
705,717,10068.116960000098,1013004,-2.28832,29.75688
706,718,3990.1970900000188,1014302,-2.10741,29.80042000000001
707,719,5562.511999999922,1014490,-2.117773,30.60761500000001
708,720,5291.337129999978,1009067,-1.7469720000000002,29.370611
709,721,14904.881239999364,1012433,-1.790933,29.381622
710,722,7126.715199999983,1013747,-1.66082,30.05076
711,723,7082.865740000023,1013759,-1.74404,29.534440000000004
712,724,4191.09481,1013751,-1.79607,29.9438
713,725,8737.015570000101,1013763,-1.77748,30.01516
714,726,22493.2751600001,1013761,-1.7246,29.54478
715,727,9159.840709999982,1013745,-1.64805,30.01587
716,728,1419.1609799999962,1013757,-1.63989,30.01374
717,730,927.0733500000008,1013756,-1.83463,30.04618
718,731,2409.6479500000037,1013749,-1.78679,29.93873
719,732,6759.347200000088,1013762,-1.8204,30.01401
720,733,19174.38863000019,1013748,-1.82989,29.92981
721,734,24708.591290000415,1013746,-1.8472,30.02041
722,735,15767.607499999549,1013912,-2.57105,29.889740000000003
723,736,4788.516760000076,1010404,-2.682028,29.703194
724,737,11672.239289999581,1007556,-2.73581,29.56682
725,738,10028.17452,1013914,-2.60413,29.80698
726,739,5897.265880000033,1011316,-1.892213,29.456516
727,740,939.9355799999989,1013915,-2.59392,29.8922
728,741,364.07340000000005,1013916,-2.55346,28.952240000000003
729,742,2474.3058800000003,1013596,0.0,0.0
730,743,4601.090110000021,1013603,-1.65105,29.80862
731,744,8568.624089999894,1013599,-1.74886,29.87465
732,745,1795.5257600000077,1013605,-1.97905,29.36179000000001
733,746,9007.353619999976,1013923,-2.62646,29.88709
734,747,11137.509639999864,1013920,-2.68141,29.87402
735,748,11622.250959999767,1013924,-2.55713,28.92587
736,749,23351.179570001197,1013846,-2.799865,29.55367
737,750,7204.079249999908,1013913,-2.59858,29.81743
738,751,1568.0261599999974,1012004,-1.95277,29.49722
739,752,32630.79923000033,1013601,-1.7309900000000005,29.87352000000001
740,753,2018.051310000012,1013595,-1.9233,29.469722
741,754,8731.11540000022,1013917,-2.54047,28.95991
742,755,2123.8849999999866,1012956,-1.77785489,29.67587526
743,756,4746.931,1012947,-1.95197033,29.77510744
744,757,1826.5410999999904,1013919,-2.7055700000000003,29.89536
745,758,1732.8569800000025,1011309,-1.763,29.376790000000003
746,759,6526.649580000088,1013921,-2.57408,29.87933
747,760,7917.529359999961,1014491,-2.206378,30.521405
748,761,54723.32153999989,1014495,-2.256448,30.484267
749,762,3498.8715400000347,1014494,-2.267435,30.545003
750,763,1186.8385999999994,1014492,-2.137525,30.459055
751,764,2456.4747999999995,1007415,-2.228352,30.335798
752,765,24752.380099999955,1014493,-2.271583,30.334962
753,766,7271.818100000223,1014304,-2.07101,29.84978
754,767,11213.58914999971,1014007,-1.70278,29.33445
755,768,7672.658339999871,1014305,-2.08723,29.92198
756,769,11836.532000000088,1014307,-2.08754,29.94017
757,770,5995.701239999987,1014306,-2.08435,29.93516
758,772,4310.603489999969,1007384,-1.972033,29.84578
759,773,27032.25240999934,1007383,-1.971072,29.838172
760,774,39886.192980002495,1007530,-1.94142,30.034608
761,775,5892.645149999958,1007531,-1.935831,30.051385
762,776,709.6557599999996,1013902,-2.442198,29.203302
763,777,1901.4489300000037,1007442,-1.6331111,29.476611100000003
764,778,1299.6154200000012,1007528,-2.29248,29.61608
765,779,7782.539399999952,1012700,-2.22283,29.65287
766,780,7335.457709999856,1007635,-1.76842,30.063240000000004
767,781,4487.867009999984,1012547,-2.18874,29.69027
768,782,6397.552180000009,1007647,-1.74817,30.03081
769,783,26603.809729999997,1012699,-2.22162,29.61977000000001
770,784,4825.440220000025,1009857,-2.12042,29.6838
771,785,5770.423229999966,1013027,0.0,0.0
772,786,1618.8408900000022,1013029,-1.6706900000000002,29.46836
773,788,12012.38488000001,1012701,-2.23697,29.73556
774,789,29619.006379999508,1012548,-2.18748,29.81693
775,790,26221.143919999973,1013024,-1.63099,29.58643
776,791,146317.61716000538,1007452,-1.6799099999999998,29.46661
777,792,33852.13802999842,1013025,-1.67321,29.57457
778,793,17552.210249999825,1013023,-1.6693900000000002,29.59021
779,794,10024.487159999711,1007617,-1.7244099999999998,30.0589
780,795,20416.75014999888,1007642,-1.75152,30.00904
781,796,6979.646279999955,1013020,-1.6876400000000005,29.5561
782,797,4197.430329999993,1013021,-1.6798099999999998,29.58516
783,798,739.6214399999992,1013018,-1.61591,29.45511
784,799,11047.285709999991,1013019,-1.6637400000000002,29.4215
785,800,2870.533340000002,1013026,-1.67288,29.57468
786,801,2834.145580000016,1013028,-1.68216,29.46831
787,802,1572.0320000000054,1013022,-1.67288,29.57468
788,803,1664.1432500000058,1007416,-2.2748060000000003,30.43525
789,804,1770.0547300000042,1014504,-1.992257,30.085447
790,805,1074.483879999998,1007414,-2.253768,30.378498
791,806,23029.905259999585,1014508,-1.94362,30.121686
792,807,12477.550529999866,1014507,-2.011603,30.082825
793,808,1153.4317500000013,1014506,-2.007747,30.079832
794,809,18772.956479999382,1014509,-2.21354,30.437908
795,810,2186.1070000000077,1014505,-1.998487,30.107728
796,811,687.7640000000017,1011303,-1.9386111,29.45666
797,812,11702.815080000297,1011301,-1.91924,29.47704
798,814,1529.0467500000052,1011302,-1.92295,29.47887
799,815,7468.64408999998,1007634,-1.74278,29.94694
800,816,4152.773000000023,1007629,-1.68333,29.89917
801,817,456.6449600000001,1013903,-2.442784,29.202178000000004
802,818,5823.437900000085,1013424,-2.39188167,29.52233833
803,819,1962.092639999998,1013419,-2.396595,29.549835
804,820,934.8677400000023,1013423,-2.374415,29.51966667
805,821,7946.607690000177,1007482,-2.3908400000000003,29.57068
806,822,3701.3542999999877,1013425,-2.48488667,29.57838
807,823,7437.376800000028,1013415,-2.46756167,29.55258167
808,824,5255.057780000012,1013422,-2.41763333,29.555675
809,825,4958.299189999983,1013418,-2.46321833,29.63056167
810,826,6949.8751099999645,1013413,-2.39137,29.52399167
811,827,15323.511490000119,1013414,-2.385695,29.54770167
812,828,3194.090010000014,1013416,-2.3796,29.6106633
813,829,24785.3755600001,1013421,2.442831,29.49934667
814,830,1243.80267,1013420,-2.37946833,29.54139167
815,831,1779.4942800000076,1013417,-2.372525,29.6006183
816,832,2289.2612399999994,1013611,-2.59941667,29.56459167
817,833,781.6989599999994,1007593,-2.63333889,29.454444
818,834,4132.348470000022,1007584,-2.614243,29.571836
819,835,7225.880219999901,1007590,-2.63522167,29.45740167
820,836,1121.238889999998,1013618,-1.591966,29.876044
821,837,1294.8530000000014,1007597,-2.62936,29.4521944
822,838,5242.293959999939,1010919,-1.693048,30.06977
823,840,1475.9729599999969,1009705,-1.464697,30.056749
824,841,3103.709549999988,1014089,-2.5886,29.05452
825,842,1805.7115999999958,1014097,-2.5679,29.01254
826,843,3521.6099100000197,1014094,-2.70183,29.03029
827,845,8616.292830000133,1014095,-2.63441,29.01131
828,846,5680.275020000019,1014081,-2.10922,29.59721
829,847,2064.123810000011,1014101,-2.50322,28.90339
830,848,7514.735079999952,1014078,-2.23732,29.40253
831,849,2754.558240000009,1011308,-1.7775740000000002,29.377044
832,850,409.56241999999963,1014100,-2.56517,29.08278
833,851,17356.43066000044,1014099,-2.58878,29.09516
834,852,2643.4892199999945,1014085,-2.57161,29.03953
835,853,978.4575299999989,1014084,-2.57067,29.02658
836,854,5090.050139999974,1014096,-2.55317,28.99986
837,855,4338.270000000027,1007659,-2.45399,28.89774
838,856,23213.49795000121,1011311,-1.7553,29.373762
839,857,4595.933010000005,1014093,-2.5886,29.05452
840,858,11199.513470000196,1014087,-2.59176,29.04348
841,859,13036.851420000108,1014091,-2.72777,29.03227
842,860,102902.80090999613,1014088,-2.59647,29.04596
843,861,3224.3621200000057,1014080,-2.11637,29.5875
844,862,10344.209609999834,1014092,-2.5886,29.05452
845,863,2962.4722199999933,1007601,-1.70902,29.35808
846,864,11628.497489999943,1014102,-2.56301,29.06172
847,865,625.6525600000008,1014083,-2.24481167,29.44779833
848,866,8537.707299999995,1014086,-2.60327,29.0416
849,867,3949.900359999986,1014098,-2.57552,29.0818
850,868,13931.558400000122,1014079,-2.2414,29.39529000000001
851,869,2061.8319299999866,1014090,-2.7023,29.00658
852,870,4853.065829999974,1007660,-2.68722,29.02778
853,871,31928.892760002054,1011314,-1.935,29.47888
854,872,33058.79009000187,1007657,-2.6891,28.99726
855,873,2803.5024100000005,1017673,-2.012167,29.763889
856,874,4902.308820000019,1014009,-2.515733,29.04382
857,875,1073.9849999999997,1007390,-2.16372,29.35439
858,876,3046.516400000012,1014008,-2.431462,29.018172
859,877,3798.701119999986,1014010,-2.401338,29.092203
860,878,2775.097620000015,1007680,-1.916403,30.04942
861,879,2502.2959400000086,1007343,-1.603205,29.719441
862,880,14051.947040000625,1007357,-1.619444444,29.63333333
863,881,1046.0716300000029,1009712,-1.4452200000000002,30.08827
864,882,2411.9102700000144,1012810,-1.93662,29.73471
865,883,616.4870300000005,1012809,-1.92495,29.78201
866,884,1650.9652600000068,1007356,-1.639722,29.784722
867,885,506.1895999999994,1012807,-1.91078,29.77379
868,886,3139.496359999981,1014012,-2.504565,28.994356
869,887,11818.525879999726,1009713,-1.55224,30.16326
870,888,728.9016500000016,1014013,-2.517903,29.002786
871,889,420.8770400000004,1012808,-2.10805,29.79286
872,890,3567.9348999999975,1007402,-2.14494,29.77813
873,891,2319.3649200000036,1014011,-2.554196,29.043492
874,892,4380.107670000031,1007412,-1.536111111,29.67916667
875,893,5416.528639999941,1009716,-1.54881,30.13056
876,894,2648.6186400000115,1007348,-1.688888888,29.66805556
877,896,204.7306799999999,1007340,-1.7388880000000002,29.755277000000003
878,897,1283.4373000000044,1014014,-2.523685,28.998094
879,898,1286.1379500000044,1014015,-2.531842,29.000594
880,899,1239.9689200000005,1014571,-2.32955,30.056882
881,900,3249.4014500000167,1014027,-2.19859833,29.51245167
882,901,1640.8225500000065,1014077,-2.24468,29.40848
883,902,3590.622050000019,1014041,-1.67428,29.36004
884,903,2775.4072299999916,1007389,-2.207465,29.4401
885,904,1511.7284000000059,1014048,-2.2357400000000003,29.48168167
886,905,1466.214849999999,1014063,-1.7404700000000002,29.372290000000003
887,906,629.3168000000002,1014042,-1.676,29.35857
888,907,13037.904120000121,1014016,-2.434499,28.946438
889,908,1945.5250800000026,1014036,-2.2408033,29.4925267
890,909,1450.743209999998,1014021,-2.542708,29.035636
891,910,1114.9852000000033,1014019,-2.552118,29.007152
892,911,123.12720000000003,1007663,-2.584342,28.971386
893,912,13013.860600000564,1014020,-2.53305,29.016558000000003
894,913,1526.3262700000043,1014018,-2.533586,28.997215
895,914,26765.49634999976,1014024,-2.577491,29.140912
896,915,118775.0542199933,1014025,-2.566146,29.144802
897,916,314.65839999999974,1014035,-2.20644333,29.518888
898,917,44767.47461999612,1014060,-2.21065,29.519803000000003
899,918,1725.9616600000043,1014056,-2.14763,29.34468
900,920,2184.427430000011,1014051,-2.164835,29.491473
901,921,4619.779779999998,1014070,-2.154842,29.510738300000003
902,922,1427.1999000000053,1014031,-2.20900667,29.47158
903,923,2187.4923400000052,1014046,-1.7302400000000002,29.36502
904,924,1570.0642400000038,1014030,-2.230115,29.47708167
905,925,748.536389999999,1014017,-2.452429,28.938735
906,926,2012.0235399999915,1014037,-2.23438167,29.47267167
907,927,15928.446430000122,1007662,-2.6668,29.009090000000004
908,928,2982.944099999996,1014065,-2.26958,29.42796
909,929,4655.732359999998,1014038,-2.2462150000000003,29.491565
910,930,8825.112119999954,1014032,-2.2195333,29.459935
911,931,8306.797000000184,1014033,-2.23241333,29.4756
912,932,5012.158010000053,1014043,-1.72928,29.3348
913,933,1532.4144200000028,1014039,-2.234305,29.436305
914,934,2192.645700000012,1014040,-1.67323,29.36088
915,935,3785.671499999994,1014045,-1.63268,29.39084
916,936,3005.9785200000283,1014034,-2.2405167,29.491855
917,937,2470.562219999988,1014570,-2.335818,30.075542
918,938,2096.284689999991,1014064,-2.1809,29.40968
919,939,1207.9915400000018,1014044,-1.63268,29.39084
920,940,4830.111440000026,1014074,-2.22396167,29.43661833
921,941,838.6308600000017,1014055,-2.17259,29.40382
922,942,50747.23503998825,1014049,-2.153882,29.50695300000001
923,943,4247.127940000017,1014068,-2.14383,29.35221
924,944,46.5297,1014057,-2.228383,29.51722
925,945,2428.8503400000022,1014062,-2.242973,29.464718
926,946,27249.44488000108,1014072,-2.25545,29.47791
927,947,61397.81431999808,1014058,-1.6407200000000002,29.39906
928,948,56600.838029998486,1014052,-2.18836,29.37793
929,949,16741.926569999458,1014050,-2.18135,29.37769
930,950,16880.876970000092,1014076,-2.26182,29.37822
931,951,14050.82053000001,1014054,-2.20151,29.3787
932,952,6629.544310000048,1014073,-2.24952,29.38323
933,953,16498.55859000026,1014053,-2.1886,29.37909
934,954,6748.396399999944,1014067,-2.25799,29.41381
935,955,20669.78475999976,1014069,-2.13333,29.3625
936,956,1571.6748999999936,1014066,-2.23068,29.38988
937,957,2154.3518400000053,1014059,-2.2318830000000003,29.517175
938,958,5674.723140000082,1014061,-2.26854,29.4563
939,959,1594.9851000000033,1014071,-2.20755,29.44008
940,960,5997.515489999956,1013776,-2.06165,29.39508
941,961,24148.801560001088,1013782,-2.13374,29.50472
942,962,846.8341799999974,1014568,-2.10574,30.087112
943,963,760.4042600000004,1014569,-2.335418,30.05721
944,964,3082.4744400000127,1014023,-2.578095,29.140707
945,965,4673.072239999999,1014022,-2.575882,29.136492
946,966,397.72587999999985,1014439,-1.98388889,30.13861111
947,967,7225.694740000056,1014440,-1.9761111,30.1425
948,968,1826.5557099999937,1014445,-1.968372,30.112113
949,969,15597.323520000084,1014450,-1.849236,30.064609
950,970,9189.817899999993,1014444,-1.969082,30.115851
951,971,30354.32268000024,1014448,-1.836888,30.075740000000003
952,972,26954.183059999265,1014447,-2.09453,29.9943
953,973,57558.05346999142,1014443,-1.988027,30.117593
954,974,10580.586089999653,1014441,-1.97972222,30.14083333
955,975,8763.571620000077,1014446,-2.14197,29.98984
956,976,3344.773759999993,1014449,-2.05618,29.923990000000003
957,977,19461.369499999248,1013774,-2.1750700000000003,29.42564
958,978,3946.3076399999595,1013777,-2.06358,29.39742
959,979,9012.063630000286,1013775,-2.16427,29.41347
960,980,5093.811880000001,1013783,-2.1213,29.48652
961,981,7020.552859999946,1013780,-2.08381,29.45655
962,982,8885.087070000027,1013784,-2.12557,29.48183
963,983,10731.13887999998,1014451,-2.05615,29.93258
964,984,4547.047280000007,1013781,-2.13355,29.5053
965,985,5653.205969999931,1013772,-2.18591,29.43513
966,986,4239.530610000047,1013773,-2.17593,29.42192
967,987,1251.436959999998,1013778,-2.08015,29.4189
968,988,5008.756659999984,1013779,-2.0924,29.44834
969,989,6183.698559999996,1013828,-1.9592,30.47838
970,990,9285.811999999938,1013831,-1.94853,30.66917
971,991,3050.83382000001,1013830,-2.00111,30.53096
972,992,9502.305530000112,1013833,-1.74678,30.50085
973,993,798.5263999999991,1013832,-1.74771,30.50005
974,994,553.6305399999995,1013834,-1.93163,30.79019000000001
975,995,6284.554910000043,1013905,-2.365632,29.008657
976,996,10505.662140000244,1013904,-2.36555,29.033081
977,997,3882.95587999996,1013835,-2.04215,30.67317
978,998,2388.321090000001,1013836,-2.05688,30.59736
979,999,9304.71683999994,1007537,-2.62023,29.542442
980,1000,10614.24392000019,1007372,-1.48547,29.99506
981,1001,2652.5002500000023,1013839,-2.01757,30.48546
982,1002,12564.797930000543,1012698,-1.59361,30.01151
983,1003,1294.7970100000043,1013837,-2.05203,30.58818
984,1004,3963.9227599999995,1013838,-2.0104900000000003,30.48377
985,1005,2344.5967699999946,1013840,-1.92364,30.57811
986,1006,1574.1348399999952,1013785,-2.11554,29.47351
987,1007,4011.0850000000387,1014310,-1.873616,29.852021
988,1008,14457.925679999973,1014312,-2.041621,29.930816
989,1009,1275.5250299999966,1014315,-1.951433,29.878932
990,1010,17497.631440000743,1014311,-1.856669,29.838176
991,1011,10019.186369999941,1007605,-1.70833,29.379722
992,1012,2663.360440000007,1009704,-1.44911,30.04685
993,1013,3407.135580000012,1014309,-1.87493,29.849092
994,1014,4464.424589999958,1007467,-2.484,29.419611100000004
995,1015,6882.002679999813,1013612,-2.56125667,29.56492833
996,1016,7799.2885799999285,1014316,-2.005117,29.917354
997,1017,900.8915000000028,1014313,-2.056492,29.940225
998,1018,6675.319650000128,1007577,-2.6483056,29.4811389
999,1019,17148.022600000542,1013614,-2.74995333,29.62531333
1000,1020,5091.723370000042,1007540,-2.67791,29.59175
1001,1021,820.4480999999989,1013613,-2.62757667,29.43474
1002,1022,1596.7610000000034,1014314,-1.985042,29.951748
1003,1023,3603.7345200000127,1013786,-2.1484,29.48612
1004,1024,5286.502199999987,1007579,-2.636655,29.47937167
1005,1025,961.7941000000012,1007564,-2.6974722,29.4909444
1006,1026,6646.047210000027,1007555,-2.651346,29.43843
1007,1027,6757.4269299999,1007547,-2.66297667,29.44955667
1008,1028,6317.171460000082,1009311,-2.77676167,29.62627167
1009,1029,8409.163309999922,1007562,-2.654561,29.439786
1010,1030,14172.004679999352,1014512,-2.025878,30.360528
1011,1031,8277.650429999994,1014511,-2.0083450000000003,30.412562
1012,1032,23792.764589997725,1007548,-2.667,29.4581
1013,1033,5590.048489999954,1007604,-1.7091666,29.3777
1014,1034,5858.622899999953,1009707,-1.65897,30.114
1015,1035,13347.84693999986,1007645,-1.79476,29.98846
1016,1036,12833.443799999788,1007496,-2.43885,29.56909000000001
1017,1037,36911.721729999714,1012697,-2.424161,29.542492
1018,1038,29159.08008999879,1007464,-2.448025,29.4665
1019,1039,11883.065099999863,1012696,-2.4915700000000003,29.42108
1020,1040,14653.533079999657,1007479,-2.45674667,29.43966667
1021,1041,11385.621599999995,1007476,-2.4912778,29.4210278
1022,1042,9621.661989999911,1007637,-1.75328,30.01969
1023,1043,8630.016100000083,1007631,-1.65237,29.9201
1024,1044,3277.695130000012,1007522,-2.32999,29.64216
1025,1045,45077.86918999644,1007649,-1.62269,29.89036
1026,1046,6274.212760000016,1012540,-1.7068299999999998,29.91433
1027,1047,2224.8098400000054,1007488,-2.428413,29.577879
1028,1048,22750.377140000008,1007490,-2.43993333,29.51594167
1029,1050,3565.215339999982,1013279,-2.45403,29.84815
1030,1051,35922.43870999969,1013278,-2.45118,29.87035
1031,1052,91366.03076999853,1014270,-1.91659,30.01887
1032,1053,6149.164749999961,1014268,-2.01861,30.0085
1033,1054,1619.842720000005,1013289,-2.310138,29.602603
1034,1055,3915.317530000029,1013290,-2.271943,29.514311
1035,1056,3082.850120000003,1013274,-2.30781,29.814840000000004
1036,1057,3200.5227600000044,1013273,-2.30577,29.79548
1037,1058,4543.051649999986,1013275,-2.2794,29.8712
1038,1059,1768.4937200000065,1013272,-2.29712,29.93744
1039,1060,4270.73631999997,1013268,-2.40452,29.83705
1040,1061,1573.2070199999973,1013270,-2.35699,29.93402
1041,1062,4035.5436400000062,1013269,-2.33172,29.88638
1042,1063,1302.0432199999982,1013276,-2.3084,29.88881
1043,1064,5090.599880000009,1007325,-2.322534,29.141944
1044,1065,2974.8989299999953,1007626,-1.6688900000000002,29.89389000000001
1045,1066,8058.4562099999985,1009064,-1.692028,29.294444
1046,1067,8881.293220000034,1013271,-2.33736,29.8197
1047,1068,7694.993179999925,1013277,-2.45455,29.85668
1048,1069,4440.637089999991,1014269,-1.89484,29.99693
1049,1070,4059.3705399999785,1007451,-1.6798400000000002,29.51707
1050,1071,5660.956460000121,1007339,-1.698333333,29.79861111
1051,1072,12707.85105000022,1014271,-1.982414,30.056395
1052,1073,8465.729199999932,1014273,-1.88659,30.09792
1053,1074,3898.60401999998,1014272,-1.94731,30.025352
1054,1075,7953.321000000069,1012549,-1.668055556,29.80361111
1055,1076,8902.57999999994,1007350,-1.704166667,29.84666667
1056,1077,7103.080500000079,1007349,-1.623611111,29.70305556
1057,1078,9054.917780000009,1007344,-1.6947222219999998,29.79777778
1058,1079,3609.9237000000153,1013288,-2.290274,29.569592
1059,1080,1414.9301899999964,1013263,-2.00393039,29.67555126
1060,1081,3855.646720000041,1013287,-2.331309,29.535533
1061,1082,1684.8633600000019,1007345,-1.623888889,29.71166667
1062,1083,3282.5287100000237,1007338,-1.6905555559999998,29.81666667
1063,1084,1330.9651200000014,1012550,-1.6897221999999998,29.80888
1064,1085,5112.771439999937,1007352,-1.699722222,29.69666667
1065,1086,828.1287200000007,1007472,-2.47291333,29.42335667
1066,1087,2687.443280000014,1009553,-1.7338888890000002,29.65638889
1067,1088,106.07194999999997,1007342,-1.693888889,29.64861111
1068,1089,6503.734220000081,1007347,-1.781111111,29.87916667
1069,1090,3555.951260000045,1007473,-2.21156,29.544015
1070,1091,4944.858219999955,1013284,-2.337125,29.525828000000004
1071,1092,4271.821299999934,1007632,-1.8023333,30.0800278
1072,1093,2942.1601400000195,1007643,-1.653,29.9257778
1073,1094,2606.4842700000027,1007426,-1.819809,29.6066111
1074,1096,1899.779280000008,1010423,-2.12023,29.6893
1075,1097,3091.2967499999895,1007427,-1.82273,29.58247
1076,1098,3404.3643700000057,1007422,-1.93935456,29.63153625
1077,1099,1930.1631999999995,1010422,-2.14156,29.63501
1078,1100,12477.76840000002,1007612,-2.12558,29.67786
1079,1101,3570.0653000000143,1007430,-1.92789109,29.63116618
1080,1102,2500.4990799999923,1007466,-2.47640667,29.4208
1081,1103,1851.0791999999926,1013218,-2.52565,29.568185
1082,1104,5783.537269999956,1013215,-2.5265,29.510023
1083,1105,13051.946239999965,1007491,-2.436162,29.52308
1084,1106,4287.092959999969,1013217,-2.53568,29.5136
1085,1107,1878.1188499999944,1013214,-2.55117833,29.51450333
1086,1108,968.3219000000039,1013216,-2.53163167,29.53586
1087,1109,42.29752,1013219,-2.500105,29.56810167
1088,1110,1449.1844699999988,1007489,-2.296023,29.557358
1089,1111,549.8677600000004,1011330,-1.43057,30.0783
1090,1112,6709.543850000091,1009706,-1.46305,30.0909
1091,1113,2611.871860000004,1009715,-1.51969,30.15237
1092,1114,8044.082319999948,1009714,-1.53328,30.1727
1093,1115,846.0328000000011,1014117,-2.38842,29.16833
1094,1116,2072.578480000003,1013225,-2.51053167,29.53582167
1095,1117,2863.6392399999913,1007485,2.4724,29.5
1096,1118,5517.733299999972,1013247,-2.01790012,29.67739076
1097,1119,8816.729350000005,1013261,-1.99297066,29.68900376
1098,1120,3781.710700000043,1013255,-1.87302569,29.67017014
1099,1121,1862.1574999999946,1013220,-2.52459333,29.54972333
1100,1122,1220.1834400000007,1014159,-2.3441,29.11119
1101,1123,6735.992000000024,1014149,-2.71276,29.46918
1102,1124,3555.1672699999995,1014155,-2.44319,28.97635
1103,1125,1204.4131900000025,1014150,-2.6999,29.49195
1104,1126,1754.8315699999957,1014152,-2.60126,29.527390000000004
1105,1127,1246.1538200000018,1014148,-2.39624002,28.996980600000004
1106,1128,1768.4937200000065,1014158,-2.74006,29.67281
1107,1129,1522.3017700000034,1014156,-2.44926,28.95522
1108,1131,7311.368840000052,1014154,-2.43675,28.95227
1109,1132,727.7696100000011,1014161,-2.3468400000000003,29.11432000000001
1110,1133,10457.900929999954,1013223,-1.51139,29.81161
1111,1134,2044.3915299999976,1014113,-2.34996,29.11603
1112,1135,2828.5108200000172,1014115,-2.73352,29.44932
1113,1137,6960.741899999993,1014112,-2.3557,29.11136
1114,1138,2611.8688000000056,1013222,-1.55473,29.83253
1115,1139,1968.8380599999941,1014116,-2.34716,29.11627
1116,1140,302.4572099999999,1014114,-2.3645,29.1246
1117,1141,714.7724000000002,1013260,-2.01273958,29.69851613
1118,1142,3467.402040000024,1013257,-1.81917977,29.69307801
1119,1143,6448.051099999956,1013254,-1.8784817,29.69778352
1120,1144,1423.7465200000013,1014142,-2.46169,28.96475
1121,1145,1602.1485200000002,1014144,-2.46402,28.95182
1122,1146,8474.61974000044,1013248,-2.0118896,29.68145493
1123,1147,2388.7576299999937,1013228,-1.55931,29.88196
1124,1148,540.9291799999999,1013236,-1.59631,29.85719000000001
1125,1149,742.3949700000012,1014143,-2.44613,28.96986
1126,1150,555.2993299999998,1013229,-1.59194,29.89186
1127,1151,6415.674799999966,1013238,-1.6070799999999998,29.85897000000001
1128,1152,3716.1285600000283,1013262,-1.99009157,29.667002
1129,1153,3641.224400000004,1013235,-1.59993,29.85702
1130,1154,1058.6218200000008,1013259,-2.01273958,29.69851613
1131,1155,847.8363200000007,1013226,-2.51784,29.58812833
1132,1156,1182.8718700000043,1013240,-1.6032,29.85826
1133,1157,4237.701080000047,1013224,-2.50159333,29.54305167
1134,1158,2216.729020000008,1013241,-1.758679,29.8733
1135,1159,6798.9719800000485,1013221,-2.50142333,29.555740000000004
1136,1160,9917.189920000079,1013231,2.495585,29.58301667
1137,1161,4116.040740000037,1013249,-2.03657322,29.66738107
1138,1162,4328.8155600000055,1013253,-1.85356287,29.67139626
1139,1163,1722.8896600000078,1013250,-2.0290507,29.69007869
1140,1164,3455.982379999992,1013242,-1.59526,29.87748
1141,1165,1177.2336900000007,1013233,-1.60834,29.8911
1142,1166,2267.95547999999,1013227,-1.5128700000000002,29.8126
1143,1167,2537.9877599999877,1013256,-1.83836538,29.68433685
1144,1168,4917.904489999962,1013239,-1.5999,29.88097
1145,1169,453.19884,1013251,-2.02696824,29.69545811
1146,1170,13844.712419999796,1009710,-1.7012,30.20941
1147,1171,3732.1483599999806,1013230,-1.605,29.89527
1148,1172,4403.585019999999,1013232,-1.5953700000000002,29.89217
1149,1173,7673.955149999961,1013234,-1.6020299999999998,29.89157
1150,1174,14303.066109999896,1014120,-2.38897,29.1315
1151,1175,2006.9741999999928,1013252,-1.83974569,29.70503476
1152,1176,2644.226110000022,1014119,-2.37608,29.16455
1153,1177,1265.7654,1013258,-1.81408288,29.67507767
1154,1178,2422.7768399999936,1014137,-2.36102,29.14898
1155,1179,10610.346089999857,1014134,-2.37845,29.1393
1156,1180,3192.3395899999928,1013237,-1.61204,29.862990000000003
1157,1181,15946.283180000446,1014139,-2.46906,28.95562
1158,1182,1295.9745599999978,1009703,-1.60178,30.15318
1159,1183,4089.2892299999708,1014140,-2.45575,28.97641
1160,1184,1601.7811200000049,1007638,-1.7067778000000002,29.914361100000004
1161,1185,7905.65710000008,1014138,-2.33616,29.1422
1162,1186,1066.325559999998,1007469,-2.213863,29.563708
1163,1187,2061.4391599999976,1013285,-2.37564,29.490052
1164,1188,4874.362799999973,1007481,-2.364085,29.553359000000004
1165,1189,1302.656960000004,1013281,-2.363741,29.544103000000003
1166,1190,118651.5292499968,1007497,-2.265518,29.585978000000004
1167,1191,814.1606000000011,1007495,-2.233574,29.575366
1168,1192,2860.8609199999896,1013283,-2.335233,29.499042
1169,1193,16660.237839999478,1007498,-2.286972,29.607523
1170,1194,3482.0895900000414,1007401,-1.9014444,29.76391670000001
1171,1195,1681.3733999999963,1007425,-1.82487,29.61382
1172,1196,1175.5905300000013,1007398,-1.9643,29.76213
1173,1197,1832.0495799999987,1007400,-2.07322294,29.71500053
1174,1198,1512.073769999999,1007423,-1.80202,29.64597
1175,1199,2078.154209999994,1007505,-2.280226,29.603769
1176,1200,3818.045460000055,1013286,-2.37027,29.484132
1177,1201,1533.6961199999978,1007507,-2.2333694,29.575727
1178,1202,1153.5371000000018,1007483,-2.259663,29.592431
1179,1203,3564.3547800000256,1012798,-1.63296,29.93438
1180,1204,7096.972709999898,1010427,-2.12117,29.6109
1181,1205,3996.217249999983,1010411,-2.16658,29.70104000000001
1182,1206,10026.333500000293,1013282,-2.28862,29.604975
1183,1207,1301.9978999999996,1007449,-1.6798,29.51732
1184,1208,7908.845130000039,1007679,-1.954166,29.3577
1185,1209,4955.207980000017,1007360,-1.627777777,29.84055556
1186,1210,636.52556,1013549,-2.12657,29.45745
1187,1211,370.0729999999996,1013550,-2.108,29.44281
1188,1212,29018.062640001284,1007676,-1.96638,29.35777
1189,1213,6095.120770000013,1013548,-2.14404,29.43463
1190,1214,1592.0803700000056,1012811,-1.696388,29.273055
1191,1215,488.49635999999936,1013552,-2.11217,29.41652
1192,1216,6531.457580000014,1012812,-1.974166,29.3933
1193,1217,917.9646000000016,1007484,-2.47437333,29.488816
1194,1218,7703.554679999893,1007487,-2.391707,29.43570900000001
1195,1219,1228.6423600000035,1007493,-2.337289,29.459825
1196,1220,2005.795660000008,1007468,-2.287455,29.434438
1197,1221,1147.226300000003,1012816,-2.34152,29.466329
1198,1222,3465.0512800000133,1007474,-2.2875833,29.4333889
1199,1223,29891.55886000063,1007492,-2.2983290000000003,29.459225
1200,1224,73034.9898099954,1007480,-2.395728,29.427631
1201,1225,20012.90992999929,1007502,-2.321754,29.44854
1202,1226,3524.3642600000107,1012820,-2.332691,29.466929
1203,1227,4949.964600000018,1012819,-2.367013,29.437399
1204,1228,7344.746850000134,1012818,-2.31818,29.425777000000004
1205,1229,738.3904500000003,1012817,-2.3046740000000003,29.472585
1206,1231,1340.8247900000038,1012813,-1.985833,29.40916
1207,1232,3767.9559700000123,1012814,-1.9775,29.385
1208,1233,1096.0199100000018,1007673,-1.915,29.37083
1209,1234,4591.024119999959,1012815,-1.9955,29.3925
1210,1235,826.3309600000006,1013542,-2.13809,29.4254
1211,1236,4375.3598299999785,1013551,-2.11251,29.41945
1212,1237,11594.053330000066,1013547,-1.77412,29.57416
1213,1238,1175.2210400000004,1013540,-1.82053,29.547590000000003
1214,1239,190.69176000000004,1013555,-2.09757,29.4337
1215,1240,17218.84391999983,1013545,-2.11248,29.42269000000001
1216,1241,2540.0514100000064,1013541,-1.81792,29.54411
1217,1242,2147.920029999999,1013544,-2.1067,29.42296
1218,1243,1990.395840000008,1013539,-1.74082,29.53777
1219,1244,706.4308100000009,1013543,-2.10774,29.42038
1220,1245,735.3233400000008,1013546,-2.12787,29.43396
1221,1246,6626.98592000001,1013553,-2.1158900000000003,29.4245
1222,1248,3110.9843600000136,1013554,-2.09586,29.3907
1223,1249,2784.5356000000083,1013619,-1.93923,30.46986
1224,1250,1772.505070000006,1013620,-1.90822,30.4727
1225,1251,2340.130799999999,1007607,-2.18495,29.80927
1226,1252,23688.954659999745,1013662,-1.90122,29.370490000000004
1227,1253,151.26254000000003,1013627,-1.68267,29.67093
1228,1254,5572.170350000082,1013621,-1.95182,30.59996
1229,1255,14635.63490999989,1013638,-1.80494,29.30232
1230,1256,2728.1499800000056,1013663,1.87696,29.3724
1231,1257,1233.57979,1013629,-1.92009,29.46229000000001
1232,1258,14167.823510000084,1013655,-1.84493,29.34447
1233,1259,3250.305960000021,1013622,-1.95152,30.59912000000001
1234,1260,3911.067620000016,1013643,-1.91805,29.43911
1235,1261,4594.700379999985,1013684,-1.61659,29.7064
1236,1262,4544.273190000025,1013630,-1.92623,29.44603
1237,1263,7492.3576799999955,1007670,-1.89155,29.38262000000001
1238,1264,958.3392799999984,1013637,-1.81635,29.29171
1239,1265,4559.8305899999705,1013685,-1.62252,29.70826
1240,1266,3756.9357799999743,1013624,-1.92376,29.32233
1241,1267,9158.609099999945,1013678,-1.6634400000000005,29.83439000000001
1242,1268,1686.396400000005,1013633,-1.88027,29.34277
1243,1269,862.891679999999,1013659,-1.8777,29.3219444
1244,1270,4294.200660000001,1007664,-1.89261,29.3735
1245,1271,2797.5456300000164,1013689,-1.66377,29.80285
1246,1272,5854.6425800000725,1013648,-1.83944,29.3222
1247,1273,2780.377220000002,1013682,-1.68267,29.67093
1248,1274,18139.024650000327,1013679,-1.76435,29.8756
1249,1275,2911.508739999998,1013690,-1.63772,29.81581
1250,1276,17315.544070000447,1013666,-1.6473799999999998,29.80296
1251,1277,7774.0712399999375,1013670,-1.63647,29.78962000000001
1252,1278,421.10517999999956,1013625,-1.7631400000000002,29.30402
1253,1279,9936.513420000094,1013646,-1.9775,29.381944
1254,1280,8391.961760000078,1013631,-1.87014,29.37139
1255,1281,2381.735200000013,1013664,-1.85645,29.36927
1256,1282,7586.084900000097,1013644,-1.90752,29.44373
1257,1283,2327.788020000001,1013656,-1.85047,29.33792
1258,1284,8617.8310100002,1013642,-1.8011,29.31405
1259,1285,1297.03006,1007665,-2.03645,29.41441
1260,1286,261.23522000000014,1013673,-1.65647,29.79743
1261,1287,2533.5908000000145,1013671,-1.79797,29.80379000000001
1262,1288,2078.1474999999996,1013635,-1.876944,29.348055
1263,1289,1552.8491300000046,1013681,-1.79831,29.83496
1264,1290,13519.372459999508,1013668,-1.61697,29.79172
1265,1291,8822.883449999938,1013634,-1.880833,29.341388
1266,1292,4052.4923000000076,1013645,-1.99666,29.3952777
1267,1293,1972.3959599999944,1007678,-2.02475,29.41743
1268,1294,4185.9744999999775,1013658,-1.8675,29.324166
1269,1295,2781.3552000000172,1007674,-1.92899,29.4801
1270,1296,2650.6674300000154,1013636,-1.81695,29.29326
1271,1297,3521.1963799999808,1013651,-1.855,29.31
1272,1298,5138.8384799999685,1013660,-1.87722,29.319444
1273,1299,6139.390459999997,1013683,-1.61152,29.70026
1274,1300,2189.448430000001,1013628,-1.6992200000000002,29.63391
1275,1301,6058.035840000008,1013676,-1.62306,29.86773
1276,1302,2634.943470000006,1013626,-1.7628,29.30777
1277,1303,3898.466020000005,1013672,-1.62126,29.78084
1278,1304,7103.230829999891,1013654,-1.85437,29.28597
1279,1305,11682.822700000099,1013652,-1.86777,29.289722
1280,1306,5830.65442999999,1013632,-1.93229,29.36963
1281,1307,7513.984040000051,1013649,-1.85333,29.320833
1282,1308,7035.501060000043,1013688,-2.0312,29.39964
1283,1309,3645.424959999984,1013639,-1.80495,29.30452
1284,1310,6316.177299999925,1013641,-1.80169,29.29776
1285,1311,5121.554800000015,1013640,-1.8054,29.29628
1286,1312,9413.492679999994,1013647,-1.9752777,29.381944
1287,1313,1270.0065600000032,1013650,-1.8577,29.3111
1288,1314,5942.8961999999465,1007666,-1.89091,29.37094
1289,1315,28633.873309999908,1013657,-1.84792,29.33218
1290,1316,2627.6198100000006,1013661,-2.03972,29.41906
1291,1317,21708.362619999974,1013669,-1.6141299999999998,29.79371
1292,1318,9818.237100000004,1013687,-1.63957,29.71774000000001
1293,1319,11215.256450000381,1013667,-1.6279,29.79311
1294,1320,15265.584599999665,1013677,-1.66137,29.84701
1295,1321,5920.480569999963,1013674,-1.86618,29.33919
1296,1322,2253.4997400000107,1013653,-1.85666,29.290277000000003
1297,1323,3400.91473000004,1013675,-1.64821,29.85487
1298,1324,3377.801589999969,1013680,-1.94498,29.34985
1299,1325,11197.196620000019,1013686,-1.61835,29.7302
1300,1326,6678.891199999997,1013691,-1.62681,29.80387
1301,1327,18268.068710000003,1007515,-2.19761,29.277965
1302,1328,1875.0000800000087,1013692,-2.326002,29.165331
1303,1329,4467.3744199999865,1013453,-2.03409,29.63099
1304,1330,24705.090310002048,1013451,-2.0283900000000004,29.572740000000003
1305,1331,8237.864479999984,1013450,-2.04927,29.5796
1306,1332,5001.98800000002,1013454,-2.08128,29.61731
1307,1333,6081.325599999945,1013452,-1.98911,29.60512
1308,1334,6438.430390000163,1013455,-2.00323,29.5765
1309,1335,13911.758039999739,1013457,-1.94955,29.56793
1310,1336,4637.418750000016,1013456,-1.92556,29.60749
1311,1337,4098.753279999974,1013458,-1.96626,29.57464
1312,1338,1848.4670600000084,1013459,-1.96038,29.54036
1313,1339,3687.675390000027,1013460,-1.95373,29.54198
1314,1340,5417.448739999943,1013461,-1.94216,29.55835
1315,1341,6467.621249999948,1014254,-1.966149,30.05606
1316,1342,2166.5491200000133,1014252,-1.42013,30.26972
1317,1343,4540.011830000053,1014261,-1.9517,30.052540000000004
1318,1344,4587.768859999982,1014248,-1.46111,30.23321
1319,1345,15853.509320000036,1014264,-2.0543400000000003,30.04781
1320,1346,41332.713000000396,1014244,-1.45106,30.20714000000001
1321,1347,15606.856940000038,1007457,-1.42439,30.26354000000001
1322,1348,1775.567859999991,1014274,-2.06966,29.84335
1323,1349,2421.4312000000073,1014266,-2.072995,30.016687
1324,1350,25096.736140000216,1014275,-2.05318,29.86879
1325,1351,8481.804540000003,1014263,-1.94544,30.05341
1326,1352,4283.563699999978,1014262,-1.95291,30.0532
1327,1353,2293.7957999999844,1014242,-1.96302,30.05622
1328,1354,2064.4162199999873,1014255,-1.3683,30.17181
1329,1355,1299.6039600000029,1014279,-2.05153,29.83695
1330,1356,1391.5524199999993,1014260,-1.29792,30.55167
1331,1357,5050.0207500000115,1014282,-2.0979400000000004,29.93278
1332,1358,4689.538079999954,1014295,-2.0661400000000003,29.827340000000003
1333,1359,3287.098839999988,1014253,-1.42836,30.1828
1334,1360,1339.5670400000047,1014267,-2.04925,29.98573
1335,1361,15064.627330000298,1014283,-2.0851,29.80891
1336,1362,2336.273499999984,1014249,-1.43877,30.25549
1337,1363,1128.4110000000014,1014250,-1.43737,30.2538
1338,1364,17663.741639999997,1014243,-1.36537,30.17092
1339,1365,3046.7097,1014251,-1.4216,30.27098
1340,1366,9606.262900000182,1014293,-2.10933,29.84766
1341,1367,3897.766169999968,1014285,-2.05255,29.89237
1342,1368,11021.418700000097,1014296,-2.08032,29.822
1343,1369,6572.2679699999835,1014265,-2.0638,30.0279
1344,1370,5879.819920000107,1014246,-1.44263,30.15516
1345,1371,7452.225440000152,1014256,-1.95435,30.054
1346,1372,5453.283079999962,1014247,-1.52911,30.30129
1347,1373,2223.365579999993,1014259,-1.94354,30.05083
1348,1374,4359.844380000065,1014281,-2.08084,29.91191
1349,1375,7182.86083999993,1014291,-2.06986,29.860840000000003
1350,1376,7637.78382000004,1014258,-1.94934,30.05571
1351,1377,5802.229360000064,1014257,-1.95322,30.0552
1352,1378,12165.183399999712,1014276,-2.0392200000000003,29.84801
1353,1379,24604.196040000974,1014297,-2.07748,29.90302
1354,1380,3445.632769999964,1014286,-2.065,29.91408
1355,1381,4360.843560000044,1014245,-1.35292,30.144
1356,1382,1044.6417200000003,1014290,-2.06667,29.87094
1357,1383,767.9569000000004,1014277,-2.03693,29.83341
1358,1384,3567.1305799999686,1014298,-2.08375,29.9012
1359,1385,4742.9664999999695,1014288,-2.0829,29.88202
1360,1386,6100.830009999942,1014289,-2.07133,29.87194
1361,1387,3600.351940000016,1014278,-2.02057,29.80686
1362,1388,4540.746429999961,1014287,-2.05616,29.90943
1363,1389,1990.6744299999975,1014284,-2.08488,29.81828
1364,1390,3017.4609900000028,1014292,-2.10672,29.86075
1365,1391,7176.188639999954,1014294,-2.10176,29.84282
1366,1392,2858.206650000003,1014280,-2.0264,29.85626
1367,1393,7332.966219999913,1013693,-1.9314,30.60922
1368,1394,1956.8571799999897,1013694,-1.46159,29.82579
1369,1395,1404.22149,1013695,-1.45343,29.85064
1370,1396,5161.0725199999615,1009313,-2.77142,29.529766
1371,1397,7672.437039999913,1007592,-2.78607,29.53833
1372,1398,1331.0714600000006,1013697,-1.91118,30.56047
1373,1399,11157.853769999947,1012480,-2.228055556,29.57333333
1374,1400,11705.309269999754,1007532,-2.761531,29.494368
1375,1401,2298.868839999993,1013706,-2.06686,30.62524
1376,1402,17233.558820000588,1013699,-2.286079,29.17952
1377,1403,22863.03037000057,1007393,-1.90503,30.60191
1378,1404,12224.654939999997,1013705,-1.96456,30.66115
1379,1405,19252.134499999695,1013704,-1.89013,30.611390000000004
1380,1406,26951.54093000012,1013703,-2.288204,29.197543
1381,1407,2648.8183399999843,1013702,-2.337668,29.186374
1382,1408,4272.443929999993,1007521,-2.2842990000000003,29.196849
1383,1409,9873.043450000025,1007508,-2.280762,29.206295
1384,1410,16565.85704000066,1013567,-2.26295,29.189909000000004
1385,1411,50033.32496000506,1007518,-2.313353,29.214397
1386,1412,6603.227430000053,1013558,-2.332639,29.249679
1387,1413,9618.629250000215,1013559,-2.324086,29.237155
1388,1414,6321.950659999986,1013563,-2.3047470000000003,29.219334000000003
1389,1415,5135.871580000051,1013564,-2.311176,29.239786
1390,1416,33265.22941000113,1013560,-2.316496,29.218564
1391,1417,23613.226310001082,1013561,-2.2933630000000003,29.238419
1392,1418,15874.608319999994,1013562,-2.3235330000000003,29.254731
1393,1419,10601.810350000042,1013569,-2.301919,29.242738
1394,1420,6494.846880000039,1013565,-2.322038,29.247239
1395,1421,5085.460380000002,1013568,-2.279466,29.199971
